Pal,Predator,Edible,Nocturnal,AIResponse,AISightResponse,ViewingDistance,ViewingAngle,HearingRate,Size,GenusCategory,Rarity,Hp,IsBoss,IsTowerBoss,IsRaidBoss
RAID_NightLady,false,true,true,Boss,None,25,90,1.0,5,1,10,120,true,false,true
RAID_NightLady_Dark,false,true,true,Boss,None,25,90,1.0,5,1,10,120,true,false,true
RAID_NightLady_Dark_2,false,true,true,Boss,None,25,90,1.0,5,1,10,120,true,false,true
RAID_KingBahamut_Dragon,false,true,false,Boss,None,25,90,1.0,5,2,10,105,true,false,true
RAID_KingBahamut_Dragon_2,false,true,false,Boss,None,25,90,1.0,5,2,10,105,true,false,true
GYM_WorldTreeDragon,false,true,false,Boss,None,25,90,1.0,5,0,8,240,true,true,false
GYM_WorldTreeDragon_2,false,true,false,Boss,None,25,90,1.0,5,0,8,288,true,true,false
GYM_BlackGriffon,false,true,true,Boss,None,25,90,1.0,5,2,10,120,true,true,false
GYM_ElecPanda,true,true,false,Boss,None,25,90,1.0,5,1,8,105,true,true,false
GYM_Horus,false,true,false,Boss,None,25,90,1.0,5,5,9,100,true,true,false
GYM_LilyQueen,false,true,false,Boss,None,25,90,1.0,5,1,9,110,true,true,false
GYM_ThunderDragonMan,false,true,false,Boss,None,25,90,1.0,5,1,9,100,true,true,false
GYM_MoonQueen,false,true,true,Boss,None,25,90,1.0,5,1,9,130,true,true,false
GYM_SnowTigerBeastman,false,true,false,Boss,None,25,90,1.0,5,1,10,140,true,true,false
GYM_BlueSkyDragon,false,true,false,Boss,None,25,90,1.0,5,3,9,168,true,true,false
GYM_ElecPanda_2,true,true,false,Boss,None,25,90,1.0,5,1,8,105,true,true,false
GYM_LilyQueen_2,false,true,false,Boss,None,25,90,1.0,5,1,9,110,true,true,false
GYM_ThunderDragonMan_2,false,true,false,Boss,None,25,90,1.0,5,1,9,100,true,true,false
GYM_Horus_2,false,true,false,Boss,None,25,90,1.0,5,5,9,100,true,true,false
GYM_BlackGriffon_2,false,true,true,Boss,None,25,90,1.0,5,2,10,120,true,true,false
GYM_BlackGriffon_2_Avatar,false,true,true,Boss,None,25,90,1.0,5,2,10,120,true,true,false
GYM_MoonQueen_2,false,true,true,Boss,None,25,90,1.0,5,1,9,130,true,true,false
GYM_MoonQueen_2_Servant,false,true,true,Boss,None,25,90,1.0,5,0,9,130,true,true,false
GYM_SnowTigerBeastman_2,false,true,false,Boss,None,25,90,1.0,5,0,10,140,true,true,false
GYM_BlueSkyDragon_2,false,true,false,Boss,None,25,90,1.0,5,3,9,120,true,true,false
BadCatgirl,false,true,true,Warlike,None,25,90,1.0,3,1,4,110,false,false,false
BlueberryFairy,false,true,true,Escape_to_Battle,None,25,90,1.0,2,1,5,105,false,false,false
BOSS_Alpaca,false,true,false,NotInterested,None,25,90,1.0,5,2,8,108,true,false,false
BOSS_AmaterasuWolf,true,true,false,Boss,None,25,90,1.0,5,2,8,120,true,false,false
BOSS_Anubis,true,true,false,Boss,None,25,90,1.0,5,1,8,144,true,false,false
BOSS_BadCatgirl,false,true,true,Boss,None,25,90,1.0,4,1,5,132,true,false,false
BOSS_Baphomet,true,true,true,Boss,None,25,90,1.0,5,1,8,114,true,false,false
BOSS_Baphomet_Dark,true,true,true,Boss,None,25,90,1.0,5,1,8,114,true,false,false
BOSS_Bastet,false,true,true,NotInterested,None,25,90,1.0,2,2,5,84,true,false,false
BOSS_Bastet_Ice,false,true,false,NotInterested,None,25,90,1.0,2,2,5,84,true,false,false
BOSS_BeardedDragon,true,true,false,Boss,None,25,90,1.0,5,3,7,120,true,false,false
BOSS_BerryGoat,false,true,false,NotInterested,None,25,90,1.0,3,2,5,120,true,false,false
BOSS_BirdDragon,true,true,true,Boss,None,25,90,1.0,4,5,7,108,true,false,false
BOSS_BirdDragon_Ice,true,true,true,Boss,None,25,90,1.0,4,5,8,108,true,false,false
BOSS_BlackCentaur,false,true,true,Boss,None,25,90,1.0,5,2,8,156,true,false,false
BOSS_BlackFurDragon,true,true,true,Boss,None,25,90,1.0,5,1,8,156,true,false,false
BOSS_BlackGriffon,false,true,true,Boss,None,25,90,1.0,5,2,8,144,true,false,false
BOSS_BlackMetalDragon,false,true,true,Boss,None,25,90,1.0,5,6,8,120,true,false,false
BOSS_BlueberryFairy,false,true,true,Boss,None,25,90,1.0,3,1,8,126,true,false,false
BOSS_BlueDragon,false,true,false,Boss,None,25,90,1.0,5,4,8,132,true,false,false
BOSS_BluePlatypus,false,true,false,NotInterested,None,25,90,1.0,2,1,5,72,true,false,false
BOSS_Boar,true,true,false,Boss,None,25,90,1.0,3,2,5,96,true,false,false
BOSS_BrownRabbit,false,true,false,Boss,None,25,90,1.0,4,1,5,84,true,false,false
BOSS_CaptainPenguin,false,true,false,Boss,None,25,90,1.0,4,1,8,114,true,false,false
BOSS_Carbunclo,false,true,false,NotInterested,None,25,90,1.0,2,1,5,90,true,false,false
BOSS_CatBat,false,true,true,Boss,None,25,90,1.0,3,1,8,114,true,false,false
BOSS_CatMage,false,true,true,Boss,None,25,90,1.0,3,1,8,108,true,false,false
BOSS_CatMage_Fire,false,true,true,Boss,None,25,90,1.0,3,1,8,114,true,false,false
BOSS_CatVampire,false,true,true,Boss,None,25,90,1.0,3,1,8,120,true,false,false
BOSS_ChickenPal,false,true,false,NotInterested,None,25,90,1.0,2,5,5,72,true,false,false
BOSS_ColorfulBird,true,true,false,Boss,None,25,90,1.0,3,5,5,72,true,false,false
BOSS_CowPal,false,true,false,NotInterested,None,25,90,1.0,4,2,5,108,true,false,false
BOSS_CuteButterfly,false,true,false,NotInterested,None,25,90,1.0,3,5,5,84,true,false,false
BOSS_CuteFox,false,true,false,NotInterested,None,25,90,1.0,3,2,5,84,true,false,false
BOSS_CuteMole,false,true,false,NotInterested,None,25,90,1.0,3,1,5,78,true,false,false
BOSS_DarkCrow,true,true,true,Boss,None,25,90,1.0,3,5,7,90,true,false,false
BOSS_DarkMutant,false,true,true,Boss,None,25,90,1.0,5,1,8,120,true,false,false
BOSS_DarkScorpion,true,true,true,Boss,None,25,90,1.0,4,7,8,120,true,false,false
BOSS_DarkScorpion_Ground,true,true,false,Boss,None,25,90,1.0,4,7,8,120,true,false,false
BOSS_Deer,false,true,false,Boss,None,25,90,1.0,4,2,7,114,true,false,false
BOSS_Deer_Ground,false,true,false,Boss,None,25,90,1.0,4,2,8,114,true,false,false
BOSS_DreamDemon,false,true,true,NotInterested,None,25,90,1.0,2,1,5,84,true,false,false
BOSS_DrillGame,true,true,false,Boss,None,25,90,1.0,5,2,8,96,true,false,false
BOSS_Eagle,true,true,false,Boss,None,25,90,1.0,4,5,5,90,true,false,false
BOSS_ElecCat,false,true,false,NotInterested,None,25,90,1.0,2,1,5,72,true,false,false
BOSS_ElecLion,false,true,false,Boss,None,25,90,1.0,5,2,7,120,true,false,false
BOSS_ElecPanda,true,true,false,Boss,None,25,90,1.0,5,1,8,144,true,false,false
BOSS_FairyDragon,false,true,false,Boss,None,25,90,1.0,5,1,8,132,true,false,false
BOSS_FairyDragon_Water,false,true,false,Boss,None,25,90,1.0,5,1,8,138,true,false,false
BOSS_FengyunDeeper,false,true,false,Boss,None,25,90,1.0,4,2,7,132,true,false,false
BOSS_FireKirin,false,true,false,Boss,None,25,90,1.0,4,2,8,120,true,false,false
BOSS_FireKirin_Dark,false,true,true,Boss,None,25,90,1.0,4,2,8,120,true,false,false
Boss_FlameBambi,false,true,false,NotInterested,None,25,90,1.0,2,2,5,90,true,false,false
BOSS_FlameBuffalo,false,true,false,Boss,None,25,90,1.0,3,2,7,102,true,false,false
BOSS_FlowerDinosaur,false,true,false,NotInterested,None,25,90,1.0,5,1,8,132,true,false,false
BOSS_FlowerDinosaur_Electric,false,true,false,NotInterested,None,25,90,1.0,5,1,8,132,true,false,false
BOSS_FlowerDoll,false,true,false,NotInterested,None,25,90,1.0,3,1,8,120,true,false,false
BOSS_FlowerDoll_Fire,false,true,false,NotInterested,None,25,90,1.0,3,1,8,114,true,false,false
BOSS_FlowerRabbit,false,true,false,NotInterested,None,25,90,1.0,3,1,5,90,true,false,false
BOSS_FlyingManta,false,true,false,NotInterested,None,25,90,1.0,3,7,5,96,true,false,false
BOSS_FoxMage,false,true,false,Boss,None,25,90,1.0,4,1,8,108,true,false,false
BOSS_FoxMage_Dark,false,true,true,Boss,None,25,90,1.0,4,1,8,108,true,false,false
BOSS_Ganesha,false,true,false,NotInterested,None,25,90,1.0,4,2,5,84,true,false,false
BOSS_Garm,true,true,false,Boss,None,25,90,1.0,3,2,5,96,true,false,false
BOSS_GhostBeast,true,true,true,Boss,None,25,90,1.0,4,2,8,90,true,false,false
BOSS_GoldenHorse,false,true,false,Boss,None,25,90,1.0,3,2,8,144,true,false,false
BOSS_Gorilla,true,true,false,Boss,None,25,90,1.0,3,1,8,108,true,false,false
BOSS_Gorilla_Ground,true,true,false,Boss,None,25,90,1.0,3,1,8,108,true,false,false
BOSS_GrassDragon,false,true,false,Boss,None,25,90,1.0,5,1,7,156,true,false,false
BOSS_GrassMammoth,false,true,false,NotInterested,None,25,90,1.0,5,2,8,180,true,false,false
BOSS_GrassMammoth_Ice,false,true,false,NotInterested,None,25,90,1.0,5,2,8,180,true,false,false
BOSS_GrassPanda,false,true,false,Boss,None,25,90,1.0,5,1,8,120,true,false,false
BOSS_GrassPanda_Electric,false,true,false,Boss,None,25,90,1.0,5,1,8,120,true,false,false
BOSS_GrassRabbitMan,false,true,false,Boss,None,25,90,1.0,3,1,8,108,true,false,false
BOSS_HadesBird,true,true,true,Boss,None,25,90,1.0,5,5,8,120,true,false,false
BOSS_HadesBird_Electric,true,true,true,Boss,None,25,90,1.0,5,5,8,126,true,false,false
BOSS_HawkBird,true,true,false,Boss,None,25,90,1.0,4,5,5,120,true,false,false
BOSS_Hedgehog,false,true,false,NotInterested,None,25,90,1.0,3,2,5,84,true,false,false
BOSS_Hedgehog_Ice,false,true,false,NotInterested,None,25,90,1.0,3,2,5,84,true,false,false
BOSS_HerculesBeetle,false,true,false,Boss,None,25,90,1.0,4,1,8,144,true,false,false
BOSS_HerculesBeetle_Ground,false,true,false,Boss,None,25,90,1.0,4,1,8,144,true,false,false
BOSS_Horus,false,true,false,Boss,None,25,90,1.0,5,5,8,126,true,false,false
BOSS_IceDeer,false,true,false,Boss,None,25,90,1.0,4,2,7,120,true,false,false
BOSS_IceFox,false,true,false,NotInterested,None,25,90,1.0,3,2,8,108,true,false,false
BOSS_IceHorse,false,true,false,Boss,None,25,90,1.0,5,2,8,168,true,false,false
BOSS_IceHorse_Dark,false,true,true,Boss,None,25,90,1.0,5,2,8,168,true,false,false
BOSS_JetDragon,false,true,false,Boss,None,25,90,1.0,5,3,8,138,true,false,false
BOSS_Kelpie,false,true,false,NotInterested,None,25,90,1.0,3,3,5,84,true,false,false
BOSS_Kelpie_Fire,false,true,false,NotInterested,None,25,90,1.0,3,3,5,84,true,false,false
BOSS_KingAlpaca,false,true,false,NotInterested,None,25,90,1.0,5,2,8,144,true,false,false
BOSS_KingAlpaca_Ice,false,true,false,NotInterested,None,25,90,1.0,5,2,8,144,true,false,false
BOSS_KingBahamut,false,true,false,Boss,None,25,90,1.0,5,2,8,120,true,false,false
BOSS_KingBahamut_Dragon,false,true,false,Boss,None,25,90,1.0,5,2,8,126,true,false,false
BOSS_Kirin,false,true,false,Boss,None,25,90,1.0,4,2,8,96,true,false,false
BOSS_Kirin_Ice,false,true,false,Boss,None,25,90,1.0,4,2,8,96,true,false,false
BOSS_Kitsunebi,false,true,false,NotInterested,None,25,90,1.0,2,2,5,78,true,false,false
Boss_LavaGirl,false,true,false,NotInterested,None,25,90,1.0,2,1,5,72,true,false,false
Boss_LazyCatFish,false,true,false,NotInterested,None,25,90,1.0,3,4,7,120,true,false,false
BOSS_LazyDragon,true,true,false,Boss,None,25,90,1.0,5,6,8,144,true,false,false
BOSS_LazyDragon_Electric,true,true,false,Boss,None,25,90,1.0,5,6,8,144,true,false,false
BOSS_LilyQueen,false,true,false,Boss,None,25,90,1.0,4,1,8,144,true,false,false
BOSS_LilyQueen_Dark,false,true,true,Boss,None,25,90,1.0,4,1,8,138,true,false,false
BOSS_LittleBriarRose,false,true,false,NotInterested,None,25,90,1.0,2,1,5,96,true,false,false
BOSS_LizardMan,true,true,true,Boss,None,25,90,1.0,3,1,5,96,true,false,false
BOSS_LizardMan_Fire,true,true,false,Boss,None,25,90,1.0,3,1,5,96,true,false,false
BOSS_Manticore,true,true,false,Boss,None,25,90,1.0,5,2,8,126,true,false,false
BOSS_Manticore_Dark,true,true,true,Boss,None,25,90,1.0,5,2,8,126,true,false,false
BOSS_Monkey,false,true,false,NotInterested,None,25,90,1.0,2,1,5,96,true,false,false
BOSS_Monkey_Ice,false,true,false,NotInterested,None,25,90,1.0,2,1,5,96,true,false,false
BOSS_Monkey_Fire,false,true,false,NotInterested,None,25,90,1.0,2,1,5,96,true,false,false
BOSS_MopBaby,false,true,false,NotInterested,None,25,90,1.0,2,7,5,72,true,false,false
BOSS_MopKing,false,true,false,NotInterested,None,25,90,1.0,4,7,8,120,true,false,false
BOSS_Mutant,false,true,false,Boss,None,25,90,1.0,3,1,8,108,true,false,false
BOSS_NaughtyCat,false,true,false,NotInterested,None,25,90,1.0,3,2,8,132,true,false,false
BOSS_NegativeKoala,false,true,true,Boss,None,25,90,1.0,2,1,5,84,true,false,false
BOSS_NegativeOctopus,false,true,true,NotInterested,None,25,90,1.0,3,7,5,72,true,false,false
BOSS_NightFox,false,true,true,NotInterested,None,25,90,1.0,3,2,8,90,true,false,false
BOSS_Penguin,false,true,false,NotInterested,None,25,90,1.0,2,1,5,84,true,false,false
BOSS_PinkCat,false,true,false,NotInterested,None,25,90,1.0,2,1,5,84,true,false,false
BOSS_PinkKangaroo,false,true,false,Boss,None,25,90,1.0,5,1,7,120,true,false,false
BOSS_PinkLizard,false,true,true,Boss,None,25,90,1.0,4,1,8,144,true,false,false
BOSS_PinkRabbit,false,true,false,NotInterested,None,25,90,1.0,2,1,5,90,true,false,false
BOSS_PlantSlime,false,true,false,NotInterested,None,25,90,1.0,5,7,8,84,true,false,false
BOSS_PlantSlime_Flower,false,true,false,NotInterested,None,25,90,1.0,5,7,8,84,true,false,false
BOSS_QueenBee,false,true,false,Boss,None,25,90,1.0,5,1,8,108,true,false,false
BOSS_RaijinDaughter,false,true,false,NotInterested,None,25,90,1.0,4,1,5,84,true,false,false
BOSS_RedArmorBird,true,true,false,Boss,None,25,90,1.0,5,5,8,114,true,false,false
BOSS_RobinHood,false,true,false,Boss,None,25,90,1.0,4,1,8,108,true,false,false
BOSS_RobinHood_Ground,false,true,false,Boss,None,25,90,1.0,4,1,8,108,true,false,false
BOSS_Ronin,false,true,false,Boss,None,25,90,1.0,4,1,8,96,true,false,false
BOSS_Ronin_Dark,false,true,true,Boss,None,25,90,1.0,4,1,8,96,true,false,false
BOSS_SaintCentaur,false,true,false,Boss,None,25,90,1.0,5,2,8,156,true,false,false
BOSS_SakuraSaurus,false,true,false,NotInterested,None,25,90,1.0,5,2,8,144,true,false,false
BOSS_SakuraSaurus_Water,false,true,false,NotInterested,None,25,90,1.0,5,2,8,144,true,false,false
BOSS_Serpent,true,true,false,NotInterested,None,25,90,1.0,4,4,5,108,true,false,false
BOSS_Serpent_Ground,true,true,false,NotInterested,None,25,90,1.0,4,4,8,108,true,false,false
BOSS_SharkKid,true,true,false,Boss,None,25,90,1.0,3,1,5,108,true,false,false
BOSS_SharkKid_Fire,true,true,false,Boss,None,25,90,1.0,3,1,5,108,true,false,false
BOSS_SheepBall,false,true,false,NotInterested,None,25,90,1.0,3,1,5,84,true,false,false
BOSS_SkyDragon,false,true,false,Boss,None,25,90,1.0,5,3,8,126,true,false,false
BOSS_SkyDragon_Grass,false,true,false,Boss,None,25,90,1.0,5,3,8,126,true,false,false
BOSS_SoldierBee,false,true,false,Boss,None,25,90,1.0,4,1,7,96,true,false,false
BOSS_Suzaku,false,true,false,Boss,None,25,90,1.0,5,5,8,144,true,false,false
BOSS_Suzaku_Water,false,true,false,Boss,None,25,90,1.0,5,5,8,150,true,false,false
BOSS_SweetsSheep,false,true,false,NotInterested,None,25,90,1.0,3,2,5,84,true,false,false
BOSS_SweetsSheep_Ground,false,true,false,NotInterested,None,25,90,1.0,3,2,7,84,true,false,false
BOSS_TentacleTurtle,false,true,false,Boss,None,25,90,1.0,3,7,5,90,true,false,false
BOSS_ThunderBird,true,true,false,Boss,None,25,90,1.0,4,5,8,126,true,false,false
BOSS_ThunderBird_Ice,true,true,false,Boss,None,25,90,1.0,4,5,8,126,true,false,false
BOSS_ThunderDog,true,true,false,Boss,None,25,90,1.0,4,2,8,108,true,false,false
BOSS_ThunderDog_Ice,true,true,false,Boss,None,25,90,1.0,4,2,8,108,true,false,false
BOSS_ThunderDragonMan,true,true,false,Boss,None,25,90,1.0,4,1,8,144,true,false,false
BOSS_Umihebi,true,true,false,Boss,None,25,90,1.0,5,4,8,156,true,false,false
BOSS_Umihebi_Fire,true,true,false,Boss,None,25,90,1.0,5,4,8,156,true,false,false
BOSS_VioletFairy,false,true,false,NotInterested,None,25,90,1.0,3,1,8,120,true,false,false
BOSS_VolcanicMonster,true,true,false,Boss,None,25,90,1.0,5,2,8,132,true,false,false
BOSS_VolcanicMonster_Ice,true,true,false,Boss,None,25,90,1.0,5,2,8,132,true,false,false
BOSS_WaterLizard,false,true,false,Boss,None,25,90,1.0,5,1,7,108,true,false,false
BOSS_WeaselDragon,false,true,false,NotInterested,None,25,90,1.0,4,2,7,108,true,false,false
BOSS_WeaselDragon_Fire,false,true,false,NotInterested,None,25,90,1.0,4,2,8,108,true,false,false
BOSS_Werewolf,true,true,true,Boss,None,25,90,1.0,3,1,7,96,true,false,false
BOSS_WhiteMoth,false,true,false,Boss,None,25,90,1.0,4,1,8,132,true,false,false
BOSS_WhiteMoth_Neutral,false,true,false,Boss,None,25,90,1.0,4,1,8,138,true,false,false
BOSS_WhiteTiger,true,true,false,Boss,None,25,90,1.0,5,1,8,120,true,false,false
BOSS_WindChimes,false,true,false,NotInterested,None,25,90,1.0,3,7,5,96,true,false,false
BOSS_WindChimes_Ice,false,true,false,NotInterested,None,25,90,1.0,3,7,7,96,true,false,false
BOSS_WizardOwl,false,true,true,NotInterested,None,25,90,1.0,3,5,5,84,true,false,false
Boss_WoolFox,false,true,false,NotInterested,None,25,90,1.0,3,2,5,84,true,false,false
BOSS_Yeti,true,true,false,Boss,None,25,90,1.0,5,1,8,168,true,false,false
BOSS_Yeti_Grass,true,true,false,Boss,None,25,90,1.0,5,1,8,168,true,false,false
BOSS_NightLady,false,true,true,Boss,None,25,90,1.0,4,1,8,144,true,false,false
BOSS_NightLady_Dark,false,true,true,Boss,None,25,90,1.0,4,1,8,144,true,false,false
BOSS_MoonQueen,false,true,true,Boss,None,25,90,1.0,4,1,8,156,true,false,false
BOSS_KendoFrog,false,true,false,Boss,None,25,90,1.0,2,1,5,96,true,false,false
BOSS_LeafPrincess,false,true,false,Boss,None,25,90,1.0,3,1,5,108,true,false,false
BOSS_MushroomDragon,false,true,false,Boss,None,25,90,1.0,3,1,5,132,true,false,false
BOSS_MushroomDragon_Dark,false,true,true,Boss,None,25,90,1.0,3,1,8,132,true,false,false
BOSS_SmallArmadillo,false,true,false,Boss,None,25,90,1.0,2,2,5,90,true,false,false
BOSS_FeatherOstrich,false,true,false,Boss,None,25,90,1.0,3,7,8,114,true,false,false
BOSS_ScorpionMan,false,true,true,Boss,None,25,90,1.0,3,1,8,108,true,false,false
BOSS_ScorpionMan_Electric,false,true,false,Boss,None,25,90,1.0,3,1,8,108,true,false,false
BOSS_WingGolem,false,true,false,Boss,None,25,90,1.0,5,1,8,126,true,false,false
BOSS_WingGolem_Fire,false,true,false,Boss,None,25,90,1.0,5,1,8,126,true,false,false
BOSS_CandleGhost,false,true,true,Boss,None,25,90,1.0,4,7,8,126,true,false,false
BOSS_GuardianDog,false,true,false,Boss,None,25,90,1.0,2,2,5,102,true,false,false
BOSS_SifuDog,false,true,false,Boss,None,25,90,1.0,3,1,8,108,true,false,false
BOSS_MimicDog,false,true,false,Boss,None,25,90,1.0,3,2,8,72,true,false,false
BOSS_DarkAlien,true,true,true,Boss,None,25,90,1.0,3,1,8,108,true,false,false
BOSS_WhiteAlienDragon,true,true,false,Boss,None,25,90,1.0,5,2,8,132,true,false,false
BOSS_VolcanoDragon,true,true,false,Boss,None,25,90,1.0,5,2,8,132,true,false,false
BOSS_VolcanoDragon_Ice,true,true,false,Boss,None,25,90,1.0,5,2,8,132,true,false,false
BOSS_DarkMechaDragon,true,true,true,Boss,None,25,90,1.0,5,5,8,156,true,false,false
BOSS_GhostRabbit,false,true,true,Boss,None,25,90,1.0,3,1,8,126,true,false,false
BOSS_GhostRabbit_Grass,false,true,false,Boss,None,25,90,1.0,3,1,8,132,true,false,false
BOSS_NightBlueHorse,false,true,true,Boss,None,25,90,1.0,4,2,8,132,true,false,false
BOSS_NightBlueHorse_Neutral,false,true,false,Boss,None,25,90,1.0,4,2,8,132,true,false,false
BOSS_WhiteShieldDragon,false,true,false,Boss,None,25,90,1.0,5,2,8,144,true,false,false
BOSS_BlackPuppy,false,true,true,Boss,None,25,90,1.0,2,2,5,102,true,false,false
BOSS_BlackPuppy_Ice,false,true,true,Boss,None,25,90,1.0,2,2,5,102,true,false,false
BOSS_WhiteDeer,false,true,false,Boss,None,25,90,1.0,4,2,8,144,true,false,false
BOSS_WhiteDeer_Dark,false,true,true,Boss,None,25,90,1.0,4,2,8,144,true,false,false
BOSS_KingWhale,false,true,false,Boss,None,25,90,1.0,5,4,8,216,true,true,false
BOSS_MysteryMask,false,true,true,Boss,None,25,90,1.0,3,7,5,114,true,false,false
BOSS_HoodGhost,true,true,true,Boss,None,25,90,1.0,3,7,5,84,true,false,false
BOSS_Sekhmet,false,true,false,Boss,None,25,90,1.0,3,1,8,132,true,false,false
BOSS_ElecLizard,false,true,false,Boss,None,25,90,1.0,3,4,5,96,true,false,false
BOSS_GrimGirl,false,true,true,Boss,None,25,90,1.0,4,1,5,114,true,false,false
BOSS_PurpleSpider,false,true,true,Boss,None,25,90,1.0,3,7,5,132,true,false,false
BOSS_BlueThunderHorse,false,true,false,Boss,None,25,90,1.0,4,2,8,156,true,false,false
BOSS_RockBeast,false,true,false,Boss,None,25,90,1.0,3,2,8,120,true,false,false
BOSS_RockBeast_Ice,false,true,false,Boss,None,25,90,1.0,3,2,8,120,true,false,false
BOSS_OctopusGirl,false,true,true,Boss,None,25,90,1.0,3,1,8,84,true,false,false
BOSS_OctopusGirl_Neutral,false,true,false,Boss,None,25,90,1.0,3,1,8,90,true,false,false
BOSS_IceNarwhal,false,true,false,Boss,None,25,90,1.0,5,4,8,126,true,false,false
BOSS_JellyfishFairy,false,true,false,Boss,None,25,90,1.0,3,1,5,90,true,false,false
BOSS_BerryGoat_Dark,false,true,true,Boss,None,25,90,1.0,3,2,5,120,true,false,false
BOSS_Kitsunebi_Ice,false,true,false,Boss,None,25,90,1.0,2,2,5,78,true,false,false
BOSS_RaijinDaughter_Water,false,true,true,Boss,None,25,90,1.0,2,1,5,84,true,false,false
BOSS_SnowTigerBeastman,false,true,false,Boss,None,25,90,1.0,4,1,8,168,true,false,false
BOSS_Werewolf_Ice,true,true,false,Boss,None,25,90,1.0,4,1,5,96,true,false,false
BOSS_WhiteTiger_Ground,true,true,false,Boss,None,25,90,1.0,4,1,8,120,true,false,false
BOSS_Horus_Water,false,true,false,Boss,None,25,90,1.0,5,5,8,132,true,false,false
BOSS_FengyunDeeper_Electric,false,true,false,Boss,None,25,90,1.0,4,2,5,132,true,false,false
BOSS_AmaterasuWolf_Dark,true,true,true,Boss,None,25,90,1.0,4,2,8,120,true,false,false
BOSS_PinkRabbit_Grass,false,true,false,NotInterested,None,25,90,1.0,2,1,5,96,true,false,false
BOSS_SnakeGirl,true,true,true,Boss,None,25,90,1.0,3,1,8,96,true,false,false
BOSS_GhostAnglerFish,false,true,true,Boss,None,25,90,1.0,4,4,8,108,true,false,false
BOSS_IceWitch,false,true,false,Boss,None,25,90,1.0,3,1,5,114,true,false,false
BOSS_ClownRabbit,false,true,false,Boss,None,25,90,1.0,4,1,8,120,true,false,false
BOSS_LegendDeer,false,true,false,Boss,None,25,90,1.0,5,2,8,162,true,false,false
BOSS_LeafMomonga,false,true,false,Boss,None,25,90,1.0,2,2,5,96,true,false,false
BOSS_SmallYeti,false,true,false,Boss,None,25,90,1.0,3,1,5,96,true,false,false
BOSS_IceCrocodile,false,true,false,Boss,None,25,90,1.0,3,1,5,90,true,false,false
BOSS_CactusDoll,false,true,false,Boss,None,25,90,1.0,2,2,5,90,true,false,false
BOSS_CactusDoll_Dark,false,true,true,Boss,None,25,90,1.0,2,2,5,90,true,false,false
BOSS_MushroomLady,false,true,false,Boss,None,25,90,1.0,4,1,8,126,true,false,false
BOSS_StuffedShark,false,true,false,Boss,None,25,90,1.0,3,1,5,90,true,false,false
BOSS_FoxExorcist,false,true,false,Boss,None,25,90,1.0,4,1,8,132,true,false,false
BOSS_IceSeal,false,true,false,Boss,None,25,90,1.0,3,2,8,114,true,false,false
BOSS_IceSeal_Ground,false,true,false,Boss,None,25,90,1.0,3,2,8,114,true,false,false
BOSS_CloverFairy,false,true,false,Boss,None,25,90,1.0,2,1,5,96,true,false,false
BOSS_ElecPomeranian,true,true,false,Boss,None,25,90,1.0,2,2,5,90,true,false,false
BOSS_GhostBlackCat,false,true,true,Boss,None,25,90,1.0,3,1,8,102,true,false,false
BOSS_ThiefBird,false,true,true,Boss,None,25,90,1.0,4,5,8,132,true,false,false
BOSS_OniGhostGirl,false,true,true,Boss,None,25,90,1.0,3,1,5,84,true,false,false
BOSS_KingCrab,false,true,false,Boss,None,25,90,1.0,3,2,5,120,true,false,false
BOSS_Plesiosaur,false,true,false,Boss,None,25,90,1.0,5,2,8,156,true,false,false
BOSS_TropicalOstrich,false,true,false,Boss,None,25,90,1.0,4,7,8,126,true,false,false
BOSS_GrassGolem,false,true,false,Boss,None,25,90,1.0,5,1,8,132,true,false,false
BOSS_GrassGolem_Dark,false,true,true,Boss,None,25,90,1.0,5,1,8,132,true,false,false
BOSS_SnowPeafowl,false,true,false,Boss,None,25,90,1.0,4,7,5,132,true,false,false
BOSS_CubeTurtle,false,true,false,Boss,None,25,90,1.0,5,2,8,114,true,false,false
BOSS_CubeTurtle_Neutral,false,true,false,Boss,None,25,90,1.0,5,2,8,114,true,false,false
BOSS_LongCat,false,true,false,Boss,None,25,90,1.0,3,2,5,90,true,false,false
BOSS_JellyfishGhost,false,true,true,Boss,None,25,90,1.0,3,1,5,108,true,false,false
BOSS_ThunderFluffyBird,false,true,false,Boss,None,25,90,1.0,4,5,8,90,true,false,false
BOSS_MoonChild,false,true,true,Boss,None,25,90,1.0,3,1,5,96,true,false,false
BOSS_SamuraiDog,false,true,false,Boss,None,25,90,1.0,2,2,5,84,true,false,false
BOSS_PoseidonOrca,false,true,false,Boss,None,25,90,1.0,5,7,8,126,true,false,false
BOSS_SwordCutlassfish,false,true,false,Boss,None,25,90,1.0,4,4,8,84,true,false,false
BOSS_SwordCutlassfish_Fire,false,true,false,Boss,None,25,90,1.0,4,4,8,84,true,false,false
BOSS_NegativeOctopus_Neutral,false,true,false,Boss,None,25,90,1.0,3,7,5,84,true,false,false
BOSS_Penguin_Electric,false,true,false,Boss,None,25,90,1.0,2,1,5,84,true,false,false
BOSS_CaptainPenguin_Black,false,true,false,Boss,None,25,90,1.0,4,1,8,120,true,false,false
BOSS_FlyingManta_Thunder,false,true,false,Boss,None,25,90,1.0,3,7,5,96,true,false,false
BOSS_BluePlatypus_Fire,false,true,false,Boss,None,25,90,1.0,2,1,5,72,true,false,false
BOSS_LazyCatfish_Gold,false,true,false,Boss,None,25,90,1.0,3,4,8,126,true,false,false
BOSS_TentacleTurtle_Ground,false,true,false,Boss,None,25,90,1.0,3,7,5,102,true,false,false
BOSS_KendoFrog_Dark,false,true,true,Boss,None,25,90,1.0,2,1,8,102,true,false,false
BOSS_BlueDragon_Ice,false,true,false,Boss,None,25,90,1.0,5,4,8,138,true,false,false
BOSS_IceNarwhal_Fire,false,true,false,Boss,None,25,90,1.0,5,4,8,126,true,false,false
BOSS_GhostAnglerFish_Fire,false,true,false,Boss,None,25,90,1.0,4,4,8,108,true,false,false
BOSS_StuffedShark_Fire,false,true,false,Boss,None,25,90,1.0,3,1,5,90,true,false,false
BOSS_MummyPal,false,true,true,Boss,None,25,90,1.0,4,1,8,126,true,false,false
BOSS_KingSunfish,false,true,false,Boss,None,25,90,1.0,4,4,5,108,true,false,false
BOSS_KingSunfish_Thunder,false,true,false,Boss,None,25,90,1.0,4,4,8,108,true,false,false
BOSS_MonochromeQueen,false,true,true,Boss,None,25,90,1.0,3,1,8,132,true,false,false
BOSS_ElecSnail,false,true,false,Boss,None,25,90,1.0,3,2,5,78,true,false,false
BOSS_ElecSnail_Fire,false,true,false,Boss,None,25,90,1.0,3,2,5,120,true,false,false
BOSS_ElecSnail_Ground,false,true,false,Boss,None,25,90,1.0,3,2,5,78,true,false,false
BOSS_LanternButler,false,true,true,Boss,None,25,90,1.0,4,1,8,108,true,false,false
BOSS_SumoDog,false,true,false,Boss,None,25,90,1.0,4,2,5,138,true,false,false
BOSS_VenusFlytrap,true,true,false,Boss,None,25,90,1.0,4,1,8,102,true,false,false
BOSS_StrawHatCat,false,true,false,Boss,None,25,90,1.0,3,2,5,120,true,false,false
BOSS_CandleWitch,false,true,true,Boss,None,25,90,1.0,3,1,5,120,true,false,false
BOSS_FluffyBird,false,true,false,Boss,None,25,90,1.0,2,7,5,72,true,false,false
BOSS_FrozenBear,false,true,false,Boss,None,25,90,1.0,3,1,5,120,true,false,false
BOSS_DandelionGirl,false,true,false,Boss,None,25,90,1.0,3,7,5,84,true,false,false
BOSS_VolcanicTurtle,false,true,false,Boss,None,25,90,1.0,3,2,5,120,true,false,false
BOSS_ClioneTwins,false,true,false,Boss,None,25,90,1.0,2,7,5,78,true,false,false
BOSS_DarkFlameFox,false,true,true,Boss,None,25,90,1.0,3,1,8,132,true,false,false
BOSS_IceVeilDragon,false,true,false,Boss,None,25,90,1.0,3,3,5,120,true,false,false
BOSS_RedFlowerBird,false,true,false,Boss,None,25,90,1.0,4,1,8,102,true,false,false
BOSS_LotusDragon,false,true,false,Boss,None,25,90,1.0,5,3,8,156,true,false,false
BOSS_BlueSkyDragon,false,true,false,Boss,None,25,90,1.0,5,3,8,168,true,false,false
BOSS_BlueWoolRabbit,false,true,false,Boss,None,25,90,1.0,3,1,5,120,true,false,false
BOSS_PandaGirl,false,true,false,Boss,None,25,90,1.0,3,1,8,120,true,false,false
BOSS_GrassMinotaur,true,true,false,Boss,None,25,90,1.0,5,1,8,132,true,false,false
BOSS_GrassMinotaur_Ice,true,true,false,Boss,None,25,90,1.0,5,1,8,144,true,false,false
BOSS_MonochromeMushroom,false,true,true,Boss,None,25,90,1.0,3,7,5,120,true,false,false
BOSS_SleeveRabbit,false,true,false,Boss,None,25,90,1.0,4,1,5,126,true,false,false
BOSS_MedjedBird,false,true,true,Boss,None,25,90,1.0,3,5,5,120,true,false,false
BOSS_Mothman,false,true,false,Boss,None,25,90,1.0,5,1,8,168,true,false,false
BOSS_GhostDragon,true,true,true,Boss,None,25,90,1.0,5,3,8,138,true,false,false
BOSS_GhostDragon_Fire,true,true,false,Boss,None,25,90,1.0,5,3,8,138,true,false,false
BOSS_FlowerPrince,false,true,true,Boss,None,25,90,1.0,4,1,8,150,true,false,false
BOSS_WorldTreeDragon,false,true,false,Boss,None,25,90,1.0,5,0,8,240,true,false,false
BOSS_KabukiMan,false,true,false,Boss,None,25,90,1.0,5,1,8,126,true,false,false
BOSS_DomeArmorDragon,true,true,false,Boss,None,25,90,1.0,5,3,8,126,true,false,false
BOSS_RockCheetah,false,true,false,Boss,None,25,90,1.0,3,1,5,120,true,false,false
BOSS_ArmorWoodlouse,false,true,false,Boss,None,25,90,1.0,3,1,5,120,true,false,false
BOSS_MexicanSalamander,false,true,false,Boss,None,25,90,1.0,3,1,5,120,true,false,false
BOSS_LeafBird,false,true,false,Boss,None,25,90,1.0,3,1,5,120,true,false,false
BOSS_CuteOrca,false,true,false,Boss,None,25,90,1.0,3,1,5,120,true,false,false
BOSS_SnakeQueen,false,true,true,Boss,None,25,90,1.0,3,7,5,120,true,false,false
BrownRabbit,false,true,false,Escape_to_Battle,None,25,90,1.0,2,1,3,70,false,false,false
ElecLion,false,true,false,Warlike,None,25,90,1.0,3,2,0,100,false,false,false
GoldenHorse,false,true,false,Warlike,None,25,90,1.0,4,2,8,120,false,false,false
PinkKangaroo,false,true,false,Escape_to_Battle,None,25,90,1.0,3,1,0,100,false,false,false
TentacleTurtle,false,true,false,Warlike,None,25,90,1.0,3,7,3,75,false,false,false
TentacleTurtle_Ground,false,true,false,Warlike,None,25,90,1.0,3,7,4,85,false,false,false
BeardedDragon,true,true,false,Escape,None,25,90,1.0,5,3,0,100,false,false,false
WaterLizard,false,true,false,Warlike,None,25,90,1.0,3,1,0,90,false,false,false
GrassDragon,false,true,false,Warlike,None,25,90,1.0,4,1,0,130,false,false,false
Anubis,true,true,false,Warlike,None,25,90,1.0,3,1,10,120,false,false,false
Baphomet,true,true,true,Warlike,None,25,90,1.0,3,1,4,95,false,false,false
Baphomet_Dark,true,true,true,Warlike,None,25,90,1.0,3,1,5,95,false,false,false
Bastet,false,true,true,Escape_to_Battle,None,25,90,1.0,1,2,1,70,false,false,false
Bastet_Ice,false,true,false,Escape_to_Battle,None,25,90,1.0,1,2,2,70,false,false,false
Boar,true,true,false,Warlike,None,25,90,1.0,2,2,1,80,false,false,false
Carbunclo,false,true,false,Escape,None,25,90,1.0,1,1,1,75,false,false,false
ColorfulBird,true,true,false,Warlike_Anyway,None,25,90,1.0,2,5,1,60,false,false,false
Deer,false,true,false,Escape_to_Battle,None,25,90,1.0,4,2,5,95,false,false,false
Deer_Ground,false,true,false,Escape_to_Battle,None,25,90,1.0,4,2,6,95,false,false,false
DrillGame,true,true,false,Warlike,None,25,90,1.0,3,2,5,80,false,false,false
Eagle,true,true,false,NotInterested,None,25,90,1.0,3,5,2,75,false,false,false
ElecPanda,true,true,false,Warlike,None,25,90,1.0,4,1,8,120,false,false,false
Ganesha,false,true,false,Escape_to_Battle,None,25,90,1.0,3,2,1,70,false,false,false
Garm,true,true,false,Warlike,None,25,90,1.0,2,2,2,80,false,false,false
Gorilla,true,true,false,Warlike,None,25,90,1.0,2,1,5,90,false,false,false
Gorilla_Ground,true,true,false,Warlike,None,25,90,1.0,2,1,5,90,false,false,false
Hedgehog,false,true,false,Escape_to_Battle,None,25,90,1.0,1,2,1,70,false,false,false
Hedgehog_Ice,false,true,false,Escape_to_Battle,None,25,90,1.0,1,2,2,70,false,false,false
Kirin,false,true,false,NotInterested,None,25,90,1.0,3,2,5,80,false,false,false
Kirin_Ice,false,true,false,NotInterested,None,25,90,1.0,3,2,6,80,false,false,false
Kitsunebi,false,true,false,Escape_to_Battle,None,25,90,1.0,1,2,1,65,false,false,false
LittleBriarRose,false,true,false,Escape_to_Battle,None,25,90,1.0,2,1,1,80,false,false,false
Mutant,false,true,false,NotInterested,None,25,90,1.0,3,1,6,90,false,false,false
Penguin,false,true,false,Escape_to_Battle,None,25,90,1.0,1,1,1,70,false,false,false
Penguin_Electric,false,true,false,Escape_to_Battle,None,25,90,1.0,1,1,2,70,false,false,false
RaijinDaughter,false,true,false,Escape_to_Battle,None,25,90,1.0,1,1,2,70,false,false,false
SharkKid,true,true,false,Warlike,None,25,90,1.0,2,1,2,90,false,false,false
SharkKid_Fire,true,true,false,Warlike,None,25,90,1.0,2,1,3,90,false,false,false
Sheepball,false,true,false,Friendly,None,25,90,1.0,1,1,1,70,false,false,false
Umihebi,true,true,false,Warlike,None,25,90,1.0,5,4,8,130,false,false,false
Umihebi_Fire,true,true,false,Warlike,None,25,90,1.0,5,4,9,130,false,false,false
Werewolf,true,true,true,Warlike,None,25,90,1.0,3,1,3,80,false,false,false
WindChimes,false,true,false,Escape_to_Battle,None,25,90,1.0,1,7,1,80,false,false,false
WindChimes_Ice,false,true,false,Escape_to_Battle,None,25,90,1.0,1,7,2,80,false,false,false
Suzaku,false,true,false,Warlike,None,25,90,1.0,5,5,8,120,false,false,false
Suzaku_Water,false,true,false,Warlike,None,25,90,1.0,5,5,9,125,false,false,false
FireKirin,false,true,false,NotInterested,None,25,90,1.0,4,2,6,100,false,false,false
FireKirin_Dark,false,true,true,NotInterested,None,25,90,1.0,4,2,7,100,false,false,false
FairyDragon,false,true,false,Escape_to_Battle,None,25,90,1.0,4,1,7,110,false,false,false
FairyDragon_Water,false,true,false,Escape_to_Battle,None,25,90,1.0,4,1,8,115,false,false,false
SweetsSheep,false,true,false,Escape_to_Battle,None,25,90,1.0,2,2,3,70,false,false,false
SweetsSheep_Ground,false,true,false,Escape_to_Battle,None,25,90,1.0,2,2,4,70,false,false,false
WhiteTiger,true,true,false,Warlike,None,25,90,1.0,4,1,7,100,false,false,false
Alpaca,false,true,false,Escape_to_Battle,None,25,90,1.0,3,2,3,90,false,false,false
Serpent,true,true,false,Warlike,None,25,90,1.0,3,4,4,90,false,false,false
Serpent_Ground,true,true,false,Warlike,None,25,90,1.0,3,4,5,90,false,false,false
DarkCrow,true,true,true,NotInterested,None,25,90,1.0,3,5,3,75,false,false,false
BlueDragon,false,true,false,Escape_to_Battle,None,25,90,1.0,4,4,7,110,false,false,false
BlueDragon_Ice,false,true,false,Escape_to_Battle,None,25,90,1.0,4,4,8,115,false,false,false
PinkCat,false,true,false,Escape_to_Battle,None,25,90,1.0,1,1,1,70,false,false,false
NegativeKoala,false,true,true,Warlike,None,25,90,1.0,1,1,1,70,false,false,false
FengyunDeeper,false,true,false,NotInterested,None,25,90,1.0,2,2,3,110,false,false,false
VolcanicMonster,true,true,false,NotInterested,None,25,90,1.0,4,2,6,110,false,false,false
VolcanicMonster_Ice,true,true,false,NotInterested,None,25,90,1.0,4,2,7,110,false,false,false
GhostBeast,true,true,true,Warlike,None,25,90,1.0,3,2,6,75,false,false,false
RobinHood,false,true,false,Warlike,None,25,90,1.0,3,1,5,90,false,false,false
RobinHood_Ground,false,true,false,Warlike,None,25,90,1.0,3,1,6,90,false,false,false
LazyDragon,true,true,false,Warlike,None,25,90,1.0,5,6,8,120,false,false,false
LazyDragon_Electric,true,true,false,Warlike,None,25,90,1.0,5,6,9,120,false,false,false
AmaterasuWolf,true,true,false,NotInterested,None,25,90,1.0,3,2,6,100,false,false,false
LizardMan,true,true,true,Warlike,None,25,90,1.0,2,1,2,80,false,false,false
LizardMan_Fire,true,true,false,Warlike,None,25,90,1.0,2,1,3,80,false,false,false
BluePlatypus,false,true,false,Escape_to_Battle,None,25,90,1.0,1,1,1,60,false,false,false
BluePlatypus_Fire,false,true,false,Escape_to_Battle,None,25,90,1.0,1,1,2,60,false,false,false
BlackFurDragon,true,true,true,Warlike,None,25,90,1.0,4,1,10,130,false,false,false
BirdDragon,true,true,true,Warlike,None,25,90,1.0,4,5,5,90,false,false,false
BirdDragon_Ice,true,true,true,Warlike,None,25,90,1.0,4,5,5,90,false,false,false
ChickenPal,false,true,false,Friendly,None,25,90,1.0,1,5,1,60,false,false,false
FlowerDinosaur,false,true,false,Friendly,None,25,90,1.0,4,1,6,110,false,false,false
FlowerDinosaur_Electric,false,true,false,Friendly,None,25,90,1.0,4,1,7,110,false,false,false
ElecCat,false,true,false,Escape_to_Battle,None,25,90,1.0,1,1,1,60,false,false,false
IceHorse,false,true,false,Escape_to_Battle,None,25,90,1.0,4,2,20,140,false,false,false
IceHorse_Dark,false,true,true,Escape_to_Battle,None,25,90,1.0,4,2,20,140,false,false,false
GrassMammoth,false,true,false,NotInterested,None,25,90,1.0,5,2,8,150,false,false,false
GrassMammoth_Ice,false,true,false,NotInterested,None,25,90,1.0,5,2,9,150,false,false,false
CatVampire,false,true,true,Warlike,None,25,90,1.0,3,1,6,100,false,false,false
SakuraSaurus,false,true,false,NotInterested,None,25,90,1.0,5,2,8,120,false,false,false
SakuraSaurus_Water,false,true,false,NotInterested,None,25,90,1.0,5,2,8,120,false,false,false
Horus,false,true,false,Warlike,None,25,90,1.0,4,5,9,105,false,false,false
KingBahamut,false,true,false,Warlike,None,25,90,1.0,5,2,9,100,false,false,false
KingBahamut_Dragon,false,true,false,Warlike,None,25,90,1.0,5,2,10,105,false,false,false
BerryGoat,false,true,false,Escape_to_Battle,None,25,90,1.0,2,2,3,100,false,false,false
IceDeer,false,true,false,NotInterested,None,25,90,1.0,3,2,4,100,false,false,false
BlackGriffon,false,true,true,Warlike,None,25,90,1.0,4,2,10,120,false,false,false
WhiteMoth,false,true,false,Escape_to_Battle,None,25,90,1.0,4,1,7,110,false,false,false
WhiteMoth_Neutral,false,true,false,Escape_to_Battle,None,25,90,1.0,4,1,8,115,false,false,false
CuteFox,false,true,false,Escape_to_Battle,None,25,90,1.0,1,2,2,70,false,false,false
FoxMage,false,true,false,Escape_to_Battle,None,25,90,1.0,3,1,6,90,false,false,false
FoxMage_Dark,false,true,true,NotInterested,None,25,90,1.0,3,1,6,90,false,false,false
PinkLizard,false,true,true,Warlike,None,25,90,1.0,4,1,5,120,false,false,false
WizardOwl,false,true,true,NotInterested,None,25,90,1.0,1,5,1,70,false,false,false
Kelpie,false,true,false,NotInterested,None,25,90,1.0,1,3,1,70,false,false,false
Kelpie_Fire,false,true,false,NotInterested,None,25,90,1.0,1,3,2,70,false,false,false
NegativeOctopus,false,true,true,NotInterested,None,25,90,1.0,1,7,1,60,false,false,false
NegativeOctopus_Neutral,false,true,false,NotInterested,None,25,90,1.0,1,7,2,70,false,false,false
CowPal,false,true,false,Escape_to_Battle,None,25,90,1.0,2,2,2,90,false,false,false
Yeti,true,true,false,NotInterested,None,25,90,1.0,4,1,7,140,false,false,false
Yeti_Grass,true,true,false,NotInterested,None,25,90,1.0,4,1,8,140,false,false,false
VioletFairy,false,true,false,Warlike,None,25,90,1.0,3,1,8,100,false,false,false
HawkBird,true,true,false,NotInterested,None,25,90,1.0,3,5,3,100,false,false,false
FlowerRabbit,false,true,false,Escape_to_Battle,None,25,90,1.0,1,1,1,75,false,false,false
LilyQueen,false,true,false,NotInterested,None,25,90,1.0,4,1,9,120,false,false,false
LilyQueen_Dark,false,true,true,NotInterested,None,25,90,1.0,4,1,10,115,false,false,false
QueenBee,false,true,false,Warlike,None,25,90,1.0,4,1,8,90,false,false,false
SoldierBee,false,true,false,Warlike,None,25,90,1.0,3,1,4,80,false,false,false
CatBat,false,true,true,Warlike,None,25,90,1.0,3,1,5,95,false,false,false
GrassPanda,false,true,false,Warlike,None,25,90,1.0,4,1,6,100,false,false,false
GrassPanda_Electric,false,true,false,Warlike,None,25,90,1.0,4,1,7,100,false,false,false
FlameBuffalo,false,true,false,Warlike,None,25,90,1.0,3,2,4,85,false,false,false
ThunderDog,true,true,false,Warlike,None,25,90,1.0,3,2,5,90,false,false,false
ThunderDog_Ice,true,true,false,Warlike,None,25,90,1.0,3,2,6,90,false,false,false
CuteMole,false,true,false,Escape_to_Battle,None,25,90,1.0,1,1,1,65,false,false,false
BlackMetalDragon,false,true,true,Warlike,None,25,90,1.0,5,6,9,100,false,false,false
GrassRabbitMan,false,true,false,Warlike,None,25,90,1.0,3,1,8,90,false,false,false
IceFox,false,true,false,NotInterested,None,25,90,1.0,2,2,5,90,false,false,false
JetDragon,false,true,false,Warlike,None,25,90,1.0,5,3,20,115,false,false,false
DreamDemon,false,true,true,Friendly,None,25,90,1.0,1,1,1,70,false,false,false
Monkey,false,true,false,Escape_to_Battle,None,25,90,1.0,1,1,1,80,false,false,false
Monkey_Ice,false,true,false,Escape_to_Battle,None,25,90,1.0,1,1,2,80,false,false,false
Monkey_Fire,false,true,false,Escape_to_Battle,None,25,90,1.0,1,1,2,80,false,false,false
Manticore,true,true,false,Warlike,None,25,90,1.0,4,2,7,105,false,false,false
Manticore_Dark,true,true,true,Warlike,None,25,90,1.0,4,2,8,105,false,false,false
KingAlpaca,false,true,false,Escape_to_Battle,None,25,90,1.0,5,2,8,120,false,false,false
KingAlpaca_Ice,false,true,false,Escape_to_Battle,None,25,90,1.0,5,2,9,120,false,false,false
PlantSlime,false,true,false,Escape_to_Battle,None,25,90,1.0,1,7,1,70,false,false,false
PlantSlime_Flower,false,true,false,Escape_to_Battle,None,25,90,1.0,1,7,10,70,false,false,false
DarkMutant,false,true,true,Warlike,None,25,90,1.0,3,1,5,100,false,false,false
MopBaby,false,true,false,Escape_to_Battle,None,25,90,1.0,1,7,1,60,false,false,false
MopKing,false,true,false,Escape_to_Battle,None,25,90,1.0,4,7,6,100,false,false,false
CatMage,false,true,true,NotInterested,None,25,90,1.0,3,1,6,90,false,false,false
CatMage_Fire,false,true,true,NotInterested,None,25,90,1.0,3,1,6,95,false,false,false
PinkRabbit,false,true,false,Escape_to_Battle,None,25,90,1.0,1,1,1,75,false,false,false
ThunderBird,true,true,false,Warlike,None,25,90,1.0,4,5,6,105,false,false,false
ThunderBird_Ice,true,true,false,Warlike,None,25,90,1.0,4,5,7,105,false,false,false
HerculesBeetle,false,true,false,Warlike,None,25,90,1.0,4,1,8,120,false,false,false
HerculesBeetle_Ground,false,true,false,Warlike,None,25,90,1.0,4,1,9,120,false,false,false
SaintCentaur,false,true,false,Warlike,None,25,90,1.0,4,2,20,130,false,false,false
NightFox,false,true,true,Escape_to_Battle,None,25,90,1.0,1,2,6,75,false,false,false
CaptainPenguin,false,true,false,Warlike,None,25,90,1.0,3,1,6,95,false,false,false
CaptainPenguin_Black,false,true,false,Warlike,None,25,90,1.0,3,1,7,100,false,false,false
WeaselDragon,false,true,false,Escape_to_Battle,None,25,90,1.0,3,2,4,90,false,false,false
WeaselDragon_Fire,false,true,false,Escape_to_Battle,None,25,90,1.0,3,2,5,90,false,false,false
SkyDragon,false,true,false,NotInterested,None,25,90,1.0,4,3,7,105,false,false,false
SkyDragon_Grass,false,true,false,NotInterested,None,25,90,1.0,4,3,8,105,false,false,false
HadesBird,true,true,true,Warlike,None,25,90,1.0,4,5,7,100,false,false,false
HadesBird_Electric,true,true,true,Warlike,None,25,90,1.0,4,5,8,105,false,false,false
RedArmorBird,true,true,false,Warlike,None,25,90,1.0,4,5,7,95,false,false,false
Ronin,false,true,false,Warlike,None,25,90,1.0,3,1,7,80,false,false,false
Ronin_Dark,false,true,true,Warlike,None,25,90,1.0,3,1,7,80,false,false,false
FlyingManta,false,true,false,Escape_to_Battle,None,25,90,1.0,3,7,3,80,false,false,false
FlyingManta_Thunder,false,true,false,Escape_to_Battle,None,25,90,1.0,3,7,4,80,false,false,false
BlackCentaur,false,true,true,Warlike,None,25,90,1.0,4,2,20,130,false,false,false
FlowerDoll,false,true,false,Escape_to_Battle,None,25,90,1.0,3,1,8,100,false,false,false
FlowerDoll_Fire,false,true,false,Escape_to_Battle,None,25,90,1.0,3,1,9,95,false,false,false
NaughtyCat,false,true,false,Friendly,None,25,90,1.0,3,2,6,110,false,false,false
CuteButterfly,false,true,false,Escape_to_Battle,None,25,90,1.0,3,5,4,70,false,false,false
DarkScorpion,true,true,true,Warlike,None,25,90,1.0,4,7,9,100,false,false,false
DarkScorpion_Ground,true,true,false,Warlike,None,25,90,1.0,4,7,10,100,false,false,false
ThunderDragonMan,true,true,false,Warlike,None,25,90,1.0,4,1,9,120,false,false,false
WoolFox,false,true,false,Escape_to_Battle,None,25,90,1.0,1,2,1,70,false,false,false
LazyCatfish,false,true,false,NotInterested,None,25,90,1.0,3,4,4,100,false,false,false
LazyCatfish_Gold,false,true,false,NotInterested,None,25,90,1.0,3,4,5,105,false,false,false
LavaGirl,false,true,false,Escape_to_Battle,None,25,90,1.0,1,1,1,60,false,false,false
FlameBambi,false,true,false,Escape_to_Battle,None,25,90,1.0,2,2,2,75,false,false,false
NightLady,false,true,true,Warlike,None,25,90,1.0,3,1,20,120,false,false,false
NightLady_Dark,false,true,true,Warlike,None,25,90,1.0,3,1,20,120,false,false,false
MoonQueen,false,true,true,Warlike,None,25,90,1.0,4,1,9,130,false,false,false
KendoFrog,false,true,false,NotInterested,None,25,90,1.0,1,1,4,80,false,false,false
KendoFrog_Dark,false,true,true,NotInterested,None,25,90,1.0,1,1,5,85,false,false,false
LeafPrincess,false,true,false,Escape_to_Battle,None,25,90,1.0,2,1,4,90,false,false,false
MushroomDragon,false,true,false,Escape_to_Battle,None,25,90,1.0,2,1,4,110,false,false,false
MushroomDragon_Dark,false,true,true,Warlike,None,25,90,1.0,2,1,5,110,false,false,false
SmallArmadillo,false,true,false,Escape_to_Battle,None,25,90,1.0,1,2,4,75,false,false,false
CandleGhost,false,true,true,Warlike,None,25,90,1.0,3,7,7,105,false,false,false
ScorpionMan,true,true,true,Warlike,None,25,90,1.0,2,1,5,90,false,false,false
ScorpionMan_Electric,true,true,false,Warlike,None,25,90,1.0,2,1,6,90,false,false,false
WingGolem,false,true,false,Warlike,None,25,90,1.0,4,1,9,105,false,false,false
WingGolem_Fire,false,true,false,Warlike,None,25,90,1.0,4,1,10,105,false,false,false
GuardianDog,false,true,false,Warlike,None,25,90,1.0,1,2,4,85,false,false,false
SifuDog,true,true,false,NotInterested,None,25,90,1.0,2,1,6,90,false,false,false
FeatherOstrich,false,true,false,Escape_to_Battle,None,25,90,1.0,2,7,5,95,false,false,false
MimicDog,false,true,false,Escape,None,25,90,1.0,1,2,7,60,false,false,false
DarkAlien,true,true,true,Warlike,None,25,90,1.0,2,1,7,90,false,false,false
WhiteAlienDragon,true,true,false,Warlike,None,25,90,1.0,4,2,9,110,false,false,false
VolcanoDragon,true,true,false,Warlike,None,25,90,1.0,4,2,7,110,false,false,false
VolcanoDragon_Ice,true,true,false,Warlike,None,25,90,1.0,4,2,8,110,false,false,false
DarkMechaDragon,true,true,true,Warlike,None,25,90,1.0,4,5,8,130,false,false,false
GhostRabbit,false,true,true,Escape_to_Battle,None,25,90,1.0,2,1,6,105,false,false,false
GhostRabbit_Grass,false,true,false,Escape_to_Battle,None,25,90,1.0,2,1,7,110,false,false,false
NightBlueHorse,false,true,true,Warlike,None,25,90,1.0,3,2,7,110,false,false,false
NightBlueHorse_Neutral,false,true,false,Warlike,None,25,90,1.0,3,2,8,110,false,false,false
WhiteShieldDragon,false,true,false,Warlike,None,25,90,1.0,4,2,8,120,false,false,false
BlackPuppy,false,true,true,Escape_to_Battle,None,25,90,1.0,1,2,2,85,false,false,false
BlackPuppy_Ice,false,true,true,Escape_to_Battle,None,25,90,1.0,1,2,3,85,false,false,false
WhiteDeer,false,true,false,NotInterested,None,25,90,1.0,3,2,6,120,false,false,false
WhiteDeer_Dark,false,true,true,NotInterested,None,25,90,1.0,3,2,7,120,false,false,false
KingWhale,false,true,false,Warlike,None,25,90,1.0,5,4,10,180,false,false,false
MysteryMask,false,true,true,NotInterested,None,25,90,1.0,2,7,4,95,false,false,false
HoodGhost,true,true,true,Escape_to_Battle,None,25,90,1.0,1,7,3,70,false,false,false
Sekhmet,false,true,false,NotInterested,None,25,90,1.0,3,1,5,110,false,false,false
ElecLizard,false,true,false,Escape_to_Battle,None,25,90,1.0,2,4,4,80,false,false,false
GrimGirl,false,true,true,Warlike,None,25,90,1.0,3,1,4,95,false,false,false
PurpleSpider,false,true,true,NotInterested,None,25,90,1.0,2,7,3,110,false,false,false
BlueThunderHorse,false,true,false,Warlike,None,25,90,1.0,4,2,7,130,false,false,false
RockBeast,false,true,false,Warlike,None,25,90,1.0,3,2,6,100,false,false,false
RockBeast_Ice,false,true,false,Warlike,None,25,90,1.0,3,2,7,100,false,false,false
OctopusGirl,false,true,true,Escape_to_Battle,None,25,90,1.0,2,1,5,70,false,false,false
OctopusGirl_Neutral,false,true,false,Escape_to_Battle,None,25,90,1.0,2,1,6,75,false,false,false
IceNarwhal,false,true,false,NotInterested,None,25,90,1.0,5,4,8,105,false,false,false
IceNarwhal_Fire,false,true,false,NotInterested,None,25,90,1.0,5,4,8,105,false,false,false
JellyfishFairy,false,true,false,Escape_to_Battle,None,25,90,1.0,2,1,3,75,false,false,false
SUMMON_DarkAlien,true,true,true,Warlike,None,25,90,1.0,2,1,7,90,false,false,false
SUMMON_DarkAlien_MAX,true,true,true,Warlike,None,25,90,1.0,2,1,7,90,false,false,false
SUMMON_WhiteAlienDragon,true,true,false,Warlike,None,25,90,1.0,4,2,9,110,false,false,false
SUMMON_WhiteAlienDragon_MAX,true,true,false,Warlike,None,25,90,1.0,4,2,9,110,true,false,false
PREDATOR_AmaterasuWolf,true,true,false,Boss,None,25,90,1.0,5,2,9,120,true,false,false
PREDATOR_BirdDragon,true,true,true,Boss,None,25,90,1.0,5,5,8,108,true,false,false
PREDATOR_DrillGame,true,true,false,Boss,None,25,90,1.0,5,2,9,96,true,false,false
PREDATOR_FairyDragon,false,true,false,Boss,None,25,90,1.0,5,1,9,132,true,false,false
PREDATOR_FeatherOstrich,false,true,false,Boss,None,25,90,1.0,5,7,8,114,true,false,false
PREDATOR_FlowerDinosaur,false,true,false,Boss,None,25,90,1.0,5,1,8,132,true,false,false
PREDATOR_Garm,true,true,false,Boss,None,25,90,1.0,3,2,8,96,true,false,false
PREDATOR_GhostBeast,true,true,true,Boss,None,25,90,1.0,5,2,9,90,true,false,false
PREDATOR_GoldenHorse,false,true,false,Boss,None,25,90,1.0,5,2,0,144,true,false,false
PREDATOR_Gorilla,true,true,false,Boss,None,25,90,1.0,5,1,8,108,true,false,false
PREDATOR_GrassPanda,false,true,false,Boss,None,25,90,1.0,5,1,9,120,true,false,false
PREDATOR_GrimGirl,false,true,true,Boss,None,25,90,1.0,4,0,1,114,true,false,false
PREDATOR_Horus_Water,false,true,false,Boss,None,25,90,1.0,5,5,10,132,true,false,false
PREDATOR_LazyDragon,true,true,false,Boss,None,25,90,1.0,5,6,10,144,true,false,false
PREDATOR_Manticore_Dark,true,true,true,Boss,None,25,90,1.0,5,2,9,126,true,false,false
PREDATOR_MushroomDragon,false,true,false,Boss,None,25,90,1.0,5,1,8,132,true,false,false
PREDATOR_MysteryMask,false,true,true,Boss,None,25,90,1.0,3,7,1,114,true,false,false
PREDATOR_NightBlueHorse,false,true,true,Boss,None,25,90,1.0,4,2,1,132,true,false,false
PREDATOR_PinkLizard,false,true,true,Boss,None,25,90,1.0,5,1,9,144,true,false,false
PREDATOR_PurpleSpider,false,true,true,Boss,None,25,90,1.0,3,7,1,132,true,false,false
PREDATOR_RedArmorBird,true,true,false,Boss,None,25,90,1.0,5,5,9,114,true,false,false
PREDATOR_ScorpionMan,false,true,true,Boss,None,25,90,1.0,5,1,9,108,true,false,false
PREDATOR_SifuDog,false,true,false,Boss,None,25,90,1.0,5,1,9,108,true,false,false
PREDATOR_ThunderDog,true,true,false,Boss,None,25,90,1.0,5,2,9,108,true,false,false
PREDATOR_Umihebi_Fire,true,true,false,Boss,None,25,90,1.0,5,4,10,156,true,false,false
PREDATOR_VolcanicMonster_Ice,true,true,false,Boss,None,25,90,1.0,5,2,9,132,true,false,false
PREDATOR_Werewolf_Ice,true,true,false,Boss,None,25,90,1.0,4,1,8,96,true,false,false
PREDATOR_WhiteTiger_Ground,true,true,false,Boss,None,25,90,1.0,5,1,9,120,true,false,false
PREDATOR_Yeti,true,true,false,Boss,None,25,90,1.0,5,1,9,168,true,false,false
PREDATOR_HadesBird_Electric,true,true,true,Boss,None,25,90,1.0,5,5,9,126,true,false,false
PREDATOR_Ronin_Dark,false,true,true,Boss,None,25,90,1.0,5,1,9,96,true,false,false
PREDATOR_CandleGhost,false,true,true,Boss,None,25,90,1.0,5,7,9,126,true,false,false
PREDATOR_Baphomet_Dark,true,true,true,Boss,None,25,90,1.0,5,1,9,114,true,false,false
PREDATOR_VolcanoDragon,true,true,false,Boss,None,25,90,1.0,5,2,9,132,true,false,false
PREDATOR_MummyPal,false,true,true,Boss,None,25,90,1.0,4,1,8,126,true,false,false
PREDATOR_Suzaku,false,true,false,Boss,None,25,90,1.0,5,5,8,144,true,false,false
PREDATOR_GrassMammoth_Ice,false,true,false,Boss,None,25,90,1.0,5,2,8,180,true,false,false
PREDATOR_RedFlowerBird,false,true,false,Boss,None,25,90,1.0,4,1,8,102,true,false,false
PREDATOR_GrassMinotaur_Ice,true,true,false,Boss,None,25,90,1.0,5,1,8,144,true,false,false
PREDATOR_PandaGirl,false,true,false,Boss,None,25,90,1.0,3,1,8,120,true,false,false
PREDATOR_DarkScorpion,true,true,true,Boss,None,25,90,1.0,5,7,8,120,true,false,false
PREDATOR_SnakeGirl,true,true,true,Boss,None,25,90,1.0,3,1,8,96,true,false,false
PREDATOR_MonochromeQueen,true,true,true,Boss,None,25,90,1.0,4,1,8,132,true,false,false
RAID_DarkMechaDragon,false,true,true,Boss,None,25,90,1.0,5,5,10,130,true,false,true
RAID_DarkMechaDragon_2,false,true,true,Boss,None,25,90,1.0,5,5,10,130,true,false,true
Kitsunebi_Ice,false,true,false,Escape_to_Battle,None,25,90,1.0,1,2,1,65,false,false,false
BerryGoat_Dark,false,true,true,Escape_to_Battle,None,25,90,1.0,2,2,3,100,false,false,false
PinkRabbit_Grass,false,true,false,Escape_to_Battle,None,25,90,1.0,1,1,1,80,false,false,false
Werewolf_Ice,true,true,false,Warlike,None,25,90,1.0,3,1,3,80,false,false,false
AmaterasuWolf_Dark,true,true,true,NotInterested,None,25,90,1.0,3,2,6,100,false,false,false
RaijinDaughter_Water,false,true,true,Escape_to_Battle,None,25,90,1.0,1,1,2,70,false,false,false
WhiteTiger_Ground,true,true,false,Warlike,None,25,90,1.0,4,1,7,100,false,false,false
FengyunDeeper_Electric,false,true,false,NotInterested,None,25,90,1.0,2,2,3,110,false,false,false
Horus_Water,false,true,false,Warlike,None,25,90,1.0,4,5,9,110,false,false,false
SnowTigerBeastman,false,true,false,Warlike,None,25,90,1.0,3,1,8,140,false,false,false
WingGolem_Oilrig,false,true,false,Warlike,None,25,90,1.0,4,1,9,126,false,false,false
DarkAlien_Oilrig,true,true,true,Warlike,None,25,90,1.0,2,1,7,90,false,false,false
Horus_Oilrig,false,true,false,Warlike,None,25,90,1.0,4,5,9,105,false,false,false
Baphomet_Dark_Oilrig,true,true,true,Warlike,None,25,90,1.0,3,1,5,95,false,false,false
HadesBird_Oilrig,true,true,true,Warlike,None,25,90,1.0,4,5,7,100,false,false,false
LizardMan_Oilrig,true,true,true,Warlike,None,25,90,1.0,2,1,2,80,false,false,false
SnakeGirl,true,true,true,Escape_to_Battle,None,25,90,1.0,2,1,5,80,false,false,false
GhostAnglerfish,false,true,true,Warlike,None,25,90,1.0,3,4,5,90,false,false,false
GhostAnglerfish_Fire,false,true,false,Warlike,None,25,90,1.0,3,4,6,90,false,false,false
IceWitch,false,true,false,Warlike,None,25,90,1.0,2,1,4,95,false,false,false
ClownRabbit,false,true,false,NotInterested,None,25,90,1.0,3,1,7,100,false,false,false
LegendDeer,false,true,false,Warlike,None,25,90,1.0,4,2,10,135,false,false,false
LeafMomonga,false,true,false,Escape_to_Battle,None,25,90,1.0,1,2,3,80,false,false,false
SmallYeti,false,true,false,Escape_to_Battle,None,25,90,1.0,2,1,3,80,false,false,false
IceCrocodile,false,true,false,NotInterested,None,25,90,1.0,2,1,3,75,false,false,false
CactusDoll,false,true,false,Escape_to_Battle,None,25,90,1.0,1,2,2,75,false,false,false
CactusDoll_Dark,false,true,true,Escape_to_Battle,None,25,90,1.0,1,2,3,75,false,false,false
MushroomLady,false,true,false,NotInterested,None,25,90,1.0,3,1,6,105,false,false,false
StuffedShark,false,true,false,Warlike,None,25,90,1.0,2,1,3,75,false,false,false
StuffedShark_Fire,false,true,false,Warlike,None,25,90,1.0,2,1,4,75,false,false,false
FoxExorcist,false,true,false,NotInterested,None,25,90,1.0,3,1,7,110,false,false,false
IceSeal,false,true,false,Escape_to_Battle,None,25,90,1.0,2,2,5,95,false,false,false
IceSeal_Ground,false,true,false,Escape_to_Battle,None,25,90,1.0,2,2,6,95,false,false,false
CloverFairy,false,true,false,Escape_to_Battle,None,25,90,1.0,1,1,2,80,false,false,false
ElecPomeranian,true,true,false,Warlike,None,25,90,1.0,1,2,2,75,false,false,false
GhostBlackCat,false,true,true,NotInterested,None,25,90,1.0,2,1,5,85,false,false,false
ThiefBird,false,true,true,NotInterested,None,25,90,1.0,3,5,5,110,false,false,false
OniGhostGirl,false,true,true,Escape_to_Battle,None,25,90,1.0,2,1,4,70,false,false,false
KingCrab,false,true,false,Warlike,None,25,90,1.0,2,2,3,100,false,false,false
Plesiosaur,false,true,false,NotInterested,None,25,90,1.0,5,2,8,130,false,false,false
TropicalOstrich,false,true,false,Warlike,None,25,90,1.0,3,7,6,105,false,false,false
GrassGolem,false,true,false,NotInterested,None,25,90,1.0,5,1,8,110,false,false,false
GrassGolem_Dark,false,true,true,NotInterested,None,25,90,1.0,5,1,8,110,false,false,false
SnowPeafowl,false,true,false,Warlike,None,25,90,1.0,3,7,4,110,false,false,false
CubeTurtle,false,true,false,NotInterested,None,25,90,1.0,5,2,8,95,false,false,false
CubeTurtle_Neutral,false,true,false,NotInterested,None,25,90,1.0,5,2,8,95,false,false,false
LongCat,false,true,false,NotInterested,None,25,90,1.0,2,2,2,75,false,false,false
JellyfishGhost,false,true,true,Warlike,None,25,90,1.0,2,1,3,90,false,false,false
ThunderFluffyBird,false,true,false,NotInterested,None,25,90,1.0,3,5,6,75,false,false,false
MoonChild,false,true,true,Escape_to_Battle,None,25,90,1.0,2,1,2,80,false,false,false
SamuraiDog,false,true,false,Escape_to_Battle,None,25,90,1.0,1,2,2,70,false,false,false
PoseidonOrca,false,true,false,Warlike,None,25,90,1.0,5,7,20,105,false,false,false
SwordCutlassfish,false,true,false,Warlike,None,25,90,1.0,3,4,5,70,false,false,false
SwordCutlassfish_Fire,false,true,false,Warlike,None,25,90,1.0,3,4,5,70,false,false,false
YakushimaMonster001,false,true,false,Warlike,None,25,90,1.0,2,7,3,65,false,false,false
YakushimaMonster001_Blue,false,true,false,Warlike,None,25,90,1.0,2,7,3,70,false,false,false
YakushimaMonster001_Red,false,true,false,Warlike,None,25,90,1.0,2,7,3,70,false,false,false
YakushimaMonster001_Purple,false,true,true,Warlike,None,25,90,1.0,2,7,3,75,false,false,false
YakushimaMonster001_Pink,false,true,false,Warlike,None,25,90,1.0,2,7,4,80,false,false,false
YakushimaMonster001_Rainbow,false,true,false,Warlike,None,25,90,1.0,3,7,4,105,false,false,false
YakushimaMonster002,false,true,false,Warlike,None,25,90,1.0,2,7,3,95,false,false,false
YakushimaMonster003,false,true,false,Warlike,None,25,90,1.0,2,7,3,65,false,false,false
YakushimaMonster003_Purple,false,true,false,Warlike,None,25,90,1.0,2,7,4,80,false,false,false
YakushimaBoss001,false,true,true,Warlike,None,25,90,1.0,4,7,6,110,false,false,false
BOSS_YakushimaBoss001,false,true,true,Boss,None,25,90,1.0,4,7,6,125,true,false,false
YakushimaBoss001_Small,false,true,true,Warlike,None,25,90,1.0,2,7,3,105,false,false,false
RAID_YakushimaBoss001_Green,false,true,false,Boss,None,25,90,1.0,2,7,10,135,true,false,false
RAID_YakushimaBoss002,false,true,false,Boss,None,25,90,1.0,5,7,10,100,true,false,true
RAID_YakushimaBoss002_Hand_Left,false,true,false,Boss,None,25,90,1.0,5,7,10,100,true,false,true
RAID_YakushimaBoss002_Hand_Right,false,true,false,Boss,None,25,90,1.0,5,7,10,100,true,false,true
Quest_Farmer03_SheepBall,false,true,false,Warlike,None,25,90,1.0,1,1,1,70,false,false,false
Quest_Farmer03_PinkCat,false,true,false,Warlike,None,25,90,1.0,1,1,1,70,false,false,false
GYM_ElecPanda_Otomo,true,true,false,Warlike,None,25,90,1.0,5,1,8,125,false,false,false
RAID_YakushimaBoss002_Head,false,true,false,Boss,None,25,90,1.0,5,7,10,100,true,false,true
RAID_YakushimaBoss002_2,false,true,false,Boss,None,25,90,1.0,5,7,10,100,true,false,true
RAID_YakushimaBoss002_Hand_Left_2,false,true,false,Boss,None,25,90,1.0,5,7,10,100,true,false,true
RAID_YakushimaBoss002_Hand_Right_2,false,true,false,Boss,None,25,90,1.0,5,7,10,100,true,false,true
RAID_YakushimaBoss002_Head_2,false,true,false,Boss,None,25,90,1.0,5,7,10,100,true,false,true
RAID_YakushimaBoss001_Green_2,false,true,false,Boss,None,25,90,1.0,2,7,10,135,true,false,false
MummyPal,false,true,true,Warlike,None,25,90,1.0,3,1,5,105,false,false,false
KingSunfish,false,true,false,NotInterested,None,25,90,1.0,3,4,4,90,false,false,false
KingSunfish_Thunder,false,true,false,NotInterested,None,25,90,1.0,3,4,5,90,false,false,false
MonochromeQueen,false,true,true,NotInterested,None,25,90,1.0,3,1,7,110,false,false,false
ElecSnail,false,true,false,Escape_to_Battle,None,25,90,1.0,2,2,2,65,false,false,false
ElecSnail_Fire,false,true,false,Warlike,None,25,90,1.0,2,2,3,100,false,false,false
ElecSnail_Ground,false,true,false,Escape_to_Battle,None,25,90,1.0,2,2,3,65,false,false,false
LanternButler,false,true,true,Warlike,None,25,90,1.0,3,1,5,90,false,false,false
SumoDog,false,true,false,NotInterested,None,25,90,1.0,3,2,4,115,false,false,false
VenusFlytrap,true,true,false,Warlike,None,25,90,1.0,3,1,6,85,false,false,false
StrawHatCat,false,true,false,Warlike,None,25,90,1.0,2,2,3,100,false,false,false
CandleWitch,false,true,true,Warlike,None,25,90,1.0,2,1,3,100,false,false,false
FluffyBird,false,true,false,Escape_to_Battle,None,25,90,1.0,1,7,2,60,false,false,false
FrozenBear,false,true,false,Warlike,None,25,90,1.0,2,1,3,100,false,false,false
DandelionGirl,false,true,false,Escape_to_Battle,None,25,90,1.0,2,7,3,70,false,false,false
VolcanicTurtle,false,true,false,Warlike,None,25,90,1.0,2,2,3,100,false,false,false
RAID_LegendDeer,false,true,false,Boss,None,25,90,1.0,5,2,10,130,true,false,true
RAID_LegendDeer_2,false,true,false,Boss,None,25,90,1.0,5,2,10,130,true,false,true
ClioneTwins,false,true,false,Escape_to_Battle,None,25,90,1.0,1,7,2,65,false,false,false
DarkFlameFox,false,true,true,Warlike,None,25,90,1.0,3,1,5,110,false,false,false
IceVeilDragon,false,true,false,Warlike,None,25,90,1.0,2,3,3,100,false,false,false
RedFlowerBird,false,true,false,Warlike,None,25,90,1.0,3,1,5,85,false,false,false
SleeveRabbit,false,true,false,NotInterested,None,25,90,1.0,3,1,4,105,false,false,false
LotusDragon,false,true,false,NotInterested,None,25,90,1.0,4,3,9,130,false,false,false
BlueSkyDragon,false,true,false,NotInterested,None,25,90,1.0,5,3,9,140,false,false,false
BlueWoolRabbit,false,true,false,Warlike,None,25,90,1.0,2,1,3,100,false,false,false
PandaGirl,false,true,false,NotInterested,None,25,90,1.0,2,1,7,100,false,false,false
GrassMinotaur,true,true,false,NotInterested,None,25,90,1.0,4,1,6,110,false,false,false
GrassMinotaur_Ice,true,true,false,NotInterested,None,25,90,1.0,4,1,7,120,false,false,false
MonochromeMushroom,false,true,true,Warlike,None,25,90,1.0,2,7,3,100,false,false,false
MedjedBird,false,true,true,Warlike,None,25,90,1.0,2,5,3,100,false,false,false
Mothman,false,true,false,Warlike,None,25,90,1.0,4,1,8,140,false,false,false
GhostDragon,true,true,true,NotInterested,None,25,90,1.0,4,3,7,115,false,false,false
GhostDragon_Fire,true,true,false,Warlike,None,25,90,1.0,4,3,8,115,false,false,false
FlowerPrince,false,true,true,Warlike,None,25,90,1.0,3,1,8,125,false,false,false
WorldTreeDragon,false,true,false,NotInterested,None,25,90,1.0,5,0,10,200,false,false,false
KabukiMan,false,true,false,Warlike,None,25,90,1.0,4,1,7,105,false,false,false
DomeArmorDragon,true,true,false,Warlike,None,25,90,1.0,5,3,8,105,false,false,false
RockCheetah,false,true,false,Warlike,None,25,90,1.0,2,1,3,100,false,false,false
ArmorWoodlouse,false,true,false,Warlike,None,25,90,1.0,2,1,3,100,false,false,false
MexicanSalamander,false,true,false,Warlike,None,25,90,1.0,2,1,3,100,false,false,false
LeafBird,false,true,false,Warlike,None,25,90,1.0,2,1,3,100,false,false,false
CuteOrca,false,true,false,Warlike,None,25,90,1.0,2,1,3,100,false,false,false
SnakeQueen,false,true,true,Warlike,None,25,90,1.0,2,7,3,100,false,false,false
BOSS_KingWhale_otomo,false,true,false,Boss,None,25,90,1.0,5,4,10,200,true,false,false
PREDATOR_WhiteShieldDragon_Quest,true,true,false,Boss,None,25,90,1.0,5,1,9,144,true,false,false
PREDATOR_FlowerRabbit_Quest,false,true,false,Boss,None,25,90,1.0,1,1,1,75,false,false,false
POLICE_ThunderDog,true,true,false,Warlike,None,25,90,1.0,3,1,5,90,false,false,false
POLICE_HawkBird,true,true,false,NotInterested,None,25,90,1.0,4,5,3,100,false,false,false
BOSS_ElecPanda_BossRush,true,true,false,Boss,None,25,90,1.0,5,1,8,144,false,true,false
BOSS_LilyQueen_BossRush,true,true,false,Boss,None,25,90,1.0,5,1,8,144,false,true,false
BOSS_ThunderDragonMan_BossRush,true,true,false,Boss,None,25,90,1.0,5,1,8,144,false,true,false
BOSS_Horus_BossRush,true,true,false,Boss,None,25,90,1.0,5,1,8,126,false,true,false
BOSS_BlackGriffon_BossRush,true,true,true,Boss,None,25,90,1.0,5,1,8,144,false,true,false
BOSS_MoonQueen_BossRush,true,true,true,Boss,None,25,90,1.0,5,1,8,156,false,true,false
BOSS_SnowTigerBeastman_BossRush,true,true,false,Boss,None,25,90,1.0,5,1,8,168,false,true,false
BOSS_BlueSkyDragon_BossRush,true,true,false,Boss,None,25,90,1.0,5,1,8,168,false,true,false
GrassPanda_Electric_Tower,false,true,false,Warlike,None,25,90,1.0,4,1,7,100,true,true,false
LazyDragon_Electric_Tower,true,true,false,Warlike,None,25,90,1.0,5,6,9,120,true,true,false
PREDATOR_Garm_Quest,true,true,false,Boss,None,25,90,1.0,3,2,8,115,true,false,false
PREDATOR_PinkLizard_Quest,false,true,true,Boss,None,25,90,1.0,5,1,9,172,true,false,false
PREDATOR_Umihebi_Fire_Quest,true,true,false,Boss,None,25,90,1.0,5,4,10,187,true,false,false
AmaterasuWolf_Dark_Quest_Friend,true,true,true,Warlike_WithoutPlayer,None,25,90,1.0,3,2,6,100,false,false,false
AmaterasuWolf_Dark_Quest_Enemy,true,true,true,Kill_All,None,25,360,1.0,3,2,6,100,false,false,false
